{
  "train_losses": [
    319.8960683594383,
    9.350934620717126
  ],
  "val_losses": [
    74.17922944080442,
    92.66052270316064
  ],
  "train_accs": [
    0.5000185130331753,
    0.5000123420456575
  ],
  "val_accs": [
    0.5013297872340425,
    0.5216090425531915
  ],
  "current_epoch": 2
}