{
  "train_losses": [
    319.8960683594383
  ],
  "val_losses": [
    74.17922944080442
  ],
  "train_accs": [
    0.5000185130331753
  ],
  "val_accs": [
    0.5013297872340425
  ],
  "current_epoch": 1
}