{
  "train_losses": [
    37.35507981044845,
    1.5664327654334325,
    1.0764027280794783,
    0.8330738909577872,
    0.6415485265836897,
    0.6864833376454234,
    0.6003391349343892,
    0.5377123876876458,
    0.46662404961989956,
    0.4091612398800974
  ],
  "val_losses": [
    1.6817923857176558,
    1.134771486387608,
    2.486029371857009,
    4.9614296817874655,
    1.4392897631735244,
    1.9406624702697104,
    2.1451236256893647,
    3.0973755501686258,
    8.250348004571935,
    10.241641496882794
  ],
  "train_accs": [
    0.5006541272192769,
    0.5053626086333352,
    0.5047948755924171,
    0.5046035742731456,
    0.5035421603946324,
    0.5094416469194313,
    0.5151189771167475,
    0.5288124506789926,
    0.5458814672666703,
    0.5658693720379147
  ],
  "val_accs": [
    0.5268727838993073,
    0.5177859042553191,
    0.5024379432756216,
    0.5002770390599331,
    0.5099179965067417,
    0.5113031914893617,
    0.5144060284216353,
    0.5303634752301459,
    0.5503656914893617,
    0.6065492021276596
  ],
  "current_epoch": 10
}