{
  "train_losses": [
    20.839454789826938,
    0.3994564561446979
  ],
  "val_losses": [
    0.7163382258329992,
    0.2601523854314013
  ],
  "train_accs": [
    0.49999382901248207,
    0.5000061710581395
  ],
  "val_accs": [
    0.5013297872340425,
    0.5024933510638298
  ],
  "current_epoch": 2
}