{
  "train_losses": [
    8.866453359936369,
    0.2572988977752873
  ],
  "val_losses": [
    0.2934172610415423,
    0.21774589904445282
  ],
  "train_accs": [
    0.5000802231555301,
    0.5386058452287557
  ],
  "val_accs": [
    0.5061502659574468,
    0.6595744680851063
  ],
  "current_epoch": 2
}