{
  "train_losses": [
    37.35507981044845,
    1.5664327654334325
  ],
  "val_losses": [
    1.6817923857176558,
    1.134771486387608
  ],
  "train_accs": [
    0.5006541272192769,
    0.5053626086333352
  ],
  "val_accs": [
    0.5268727838993073,
    0.5177859042553191
  ],
  "current_epoch": 2
}