{
  "train_losses": [
    37.35507981044845,
    1.5664327654334325,
    1.0764027280794783
  ],
  "val_losses": [
    1.6817923857176558,
    1.134771486387608,
    2.486029371857009
  ],
  "train_accs": [
    0.5006541272192769,
    0.5053626086333352,
    0.5047948755924171
  ],
  "val_accs": [
    0.5268727838993073,
    0.5177859042553191,
    0.5024379432756216
  ],
  "current_epoch": 3
}