{
  "train_losses": [
    37.35507981044845
  ],
  "val_losses": [
    1.6817923857176558
  ],
  "train_accs": [
    0.5006541272192769
  ],
  "val_accs": [
    0.5268727838993073
  ],
  "current_epoch": 1
}