{
  "standard": {
    "0_0_1": 0,
    "0_0_2": 0,
    "0_0_4": 0,
    "0_2_1": 0,
    "0_2_2": 0,
    "0_2_4": 0,
    "2_4_1": 0,
    "2_4_2": 0,
    "2_4_4": 0,
    "5_10_5": 0
  },
  "pretrained": {
    "0_0_1": 0.9991688829787234,
    "0_0_2": 1.0,
    "0_0_4": 0.9996675531914894,
    "0_2_1": 0.9572251775163285,
    "0_2_2": 0.9990026595744681,
    "0_2_4": 1.0,
    "2_4_1": 0.5640514185453983,
    "2_4_2": 0.6058843085106383,
    "2_4_4": 0.5144060284216353,
    "5_10_5": 0.5042109930134834
  }
}