{
  "train_losses": [
    150.63525834213502,
    5.1360458424447275,
    2.505697492668979,
    1.6670309860630057,
    1.4008455382598237,
    1.1174725867737243,
    0.9047868058297306,
    0.5924076074955023,
    0.4630846089520161,
    0.3478044372987691
  ],
  "val_losses": [
    5.551781705975722,
    2.218037947447614,
    1.2094980916999123,
    0.6944951255746344,
    0.5620671743725209,
    0.40850442521115565,
    0.3807503785541717,
    0.31886793102355715,
    0.2894832785142229,
    0.27996023887015403
  ],
  "train_accs": [
    0.499969144956478,
    0.49999382901248207,
    0.5001234202447096,
    0.5027954680094787,
    0.509614435276149,
    0.5110152547393365,
    0.5185253752210129,
    0.5221786137440758,
    0.5319164691943128,
    0.5374827211925769
  ],
  "val_accs": [
    0.5013297872340425,
    0.5014960106382979,
    0.5136303191489362,
    0.5615026595744681,
    0.5763519507773379,
    0.5651595744680851,
    0.5619459221971795,
    0.5645500887581643,
    0.5618351063829787,
    0.5640514185453983
  ],
  "current_epoch": 10
}