{
  "train_losses": [
    150.63525834213502,
    5.1360458424447275
  ],
  "val_losses": [
    5.551781705975722,
    2.218037947447614
  ],
  "train_accs": [
    0.499969144956478,
    0.49999382901248207
  ],
  "val_accs": [
    0.5013297872340425,
    0.5014960106382979
  ],
  "current_epoch": 2
}