{
  "train_losses": [
    150.63525834213502
  ],
  "val_losses": [
    5.551781705975722
  ],
  "train_accs": [
    0.499969144956478
  ],
  "val_accs": [
    0.5013297872340425
  ],
  "current_epoch": 1
}