{
  "train_losses": [
    18.82310697528141,
    0.513136944499626,
    0.26264266039452283,
    0.22232745999196693
  ],
  "val_losses": [
    0.9445876096167999,
    0.31362285924718736,
    0.23449750030611424,
    0.20848933139697035
  ],
  "train_accs": [
    0.4999753159793067,
    0.5005060229538741,
    0.526967318348975,
    0.6317325730883114
  ],
  "val_accs": [
    0.5013297872340425,
    0.503158244680851,
    0.5748005319148937,
    0.6821808510638298
  ],
  "current_epoch": 4
}