{
  "train_losses": [
    18.82310697528141
  ],
  "val_losses": [
    0.9445876096167999
  ],
  "train_accs": [
    0.4999753159793067
  ],
  "val_accs": [
    0.5013297872340425
  ],
  "current_epoch": 1
}