{
  "train_losses": [
    2.91631775628334
  ],
  "val_losses": [
    0.22279721546046277
  ],
  "train_accs": [
    0.5146191252210129
  ],
  "val_accs": [
    0.6371343085106383
  ],
  "current_epoch": 1
}