{
  "train_losses": [
    2.91631775628334,
    0.20260812965402672,
    0.13774379032059303,
    0.08495775919619471,
    0.048643407400838716
  ],
  "val_losses": [
    0.22279721546046277,
    0.15977325940385778,
    0.09451976771208834,
    0.04830384378301653,
    0.024576145065750215
  ],
  "train_accs": [
    0.5146191252210129,
    0.7238410841232228,
    0.8912421011529262,
    0.9583271623222749,
    0.9884293542654028
  ],
  "val_accs": [
    0.6371343085106383,
    0.8653590425531915,
    0.9561724295007422,
    0.9921875,
    0.9996675531914894
  ],
  "current_epoch": 5
}