{
  "train_losses": [
    2.91631775628334,
    0.20260812965402672,
    0.13774379032059303,
    0.08495775919619471,
    0.048643407400838716,
    0.030853122596350892,
    0.02166740887056842,
    0.0176048625764874,
    0.014598198438623823,
    0.012388117776375917
  ],
  "val_losses": [
    0.22279721546046277,
    0.15977325940385778,
    0.09451976771208834,
    0.04830384378301653,
    0.024576145065750215,
    0.019896180037052392,
    0.010855535466342848,
    0.009376297227526207,
    0.0071864600440095915,
    0.005847229283740199
  ],
  "train_accs": [
    0.5146191252210129,
    0.7238410841232228,
    0.8912421011529262,
    0.9583271623222749,
    0.9884293542654028,
    0.9972045319905213,
    0.9991113744075829,
    0.9996297393364929,
    0.999796356635071,
    0.9999074348341233
  ],
  "val_accs": [
    0.6371343085106383,
    0.8653590425531915,
    0.9561724295007422,
    0.9921875,
    0.9996675531914894,
    0.9991688829787234,
    1.0,
    0.9998337765957447,
    1.0,
    1.0
  ],
  "current_epoch": 10
}