{
  "train_losses": [
    2.91631775628334,
    0.20260812965402672
  ],
  "val_losses": [
    0.22279721546046277,
    0.15977325940385778
  ],
  "train_accs": [
    0.5146191252210129,
    0.7238410841232228
  ],
  "val_accs": [
    0.6371343085106383,
    0.8653590425531915
  ],
  "current_epoch": 2
}