{
  "train_losses": [
    18.82310697528141,
    0.513136944499626
  ],
  "val_losses": [
    0.9445876096167999,
    0.31362285924718736
  ],
  "train_accs": [
    0.4999753159793067,
    0.5005060229538741
  ],
  "val_accs": [
    0.5013297872340425,
    0.503158244680851
  ],
  "current_epoch": 2
}