{
  "train_losses": [
    18.82310697528141,
    0.513136944499626,
    0.26264266039452283,
    0.22232745999196693,
    0.1982745287048308,
    0.17483673749659298,
    0.15036121048739454
  ],
  "val_losses": [
    0.9445876096167999,
    0.31362285924718736,
    0.23449750030611424,
    0.20848933139697035,
    0.18377214503732134,
    0.15904386238531865,
    0.1304690770487836
  ],
  "train_accs": [
    0.4999753159793067,
    0.5005060229538741,
    0.526967318348975,
    0.6317325730883114,
    0.7170714850391822,
    0.7780472452606635,
    0.8303218799603493
  ],
  "val_accs": [
    0.5013297872340425,
    0.503158244680851,
    0.5748005319148937,
    0.6821808510638298,
    0.762466755319149,
    0.8148271276595744,
    0.8765514188624443
  ],
  "current_epoch": 7
}