{
  "train_losses": [
    46.295788803936745,
    1.0456425816315045,
    0.44153362482574315,
    0.29155239293360596
  ],
  "val_losses": [
    1.8737138877523707,
    0.6124748847456779,
    0.336548357270658,
    0.26146478396146855
  ],
  "train_accs": [
    0.5000246840913148,
    0.5000123420456575,
    0.49998148696682465,
    0.500975019770776
  ],
  "val_accs": [
    0.5013297872340425,
    0.5013297872340425,
    0.5013297872340425,
    0.5068151595744681
  ],
  "current_epoch": 4
}