{
  "train_losses": [
    46.295788803936745,
    1.0456425816315045
  ],
  "val_losses": [
    1.8737138877523707,
    0.6124748847456779
  ],
  "train_accs": [
    0.5000246840913148,
    0.5000123420456575
  ],
  "val_accs": [
    0.5013297872340425,
    0.5013297872340425
  ],
  "current_epoch": 2
}