{
  "train_losses": [
    46.295788803936745,
    1.0456425816315045,
    0.44153362482574315,
    0.29155239293360596,
    0.24813804556549443,
    0.23164667531636088,
    0.21870873501233015,
    0.19837165886968797,
    0.16942140170465714
  ],
  "val_losses": [
    1.8737138877523707,
    0.6124748847456779,
    0.336548357270658,
    0.26146478396146855,
    0.2370416114621974,
    0.22382815895562477,
    0.20693228013337928,
    0.1812673177015274,
    0.14238990732329956
  ],
  "train_accs": [
    0.5000246840913148,
    0.5000123420456575,
    0.49998148696682465,
    0.500975019770776,
    0.5247148992890995,
    0.595990077014218,
    0.6768796900154855,
    0.7453162026066351,
    0.8144870656079025
  ],
  "val_accs": [
    0.5013297872340425,
    0.5013297872340425,
    0.5013297872340425,
    0.5068151595744681,
    0.5524711881546264,
    0.6445589541120732,
    0.7201351954581889,
    0.7907801422666996,
    0.8797650711333498
  ],
  "current_epoch": 9
}