{
  "train_losses": [
    319.8960683594383,
    9.350934620717126,
    4.985725144568778,
    3.608126371922369
  ],
  "val_losses": [
    74.17922944080442,
    92.66052270316064,
    143.28927945155414,
    144.18087688032935
  ],
  "train_accs": [
    0.5000185130331753,
    0.5000123420456575,
    0.49998148696682465,
    0.5012588862559242
  ],
  "val_accs": [
    0.5013297872340425,
    0.5216090425531915,
    0.516511524928377,
    0.5026041667195077
  ],
  "current_epoch": 4
}