{
  "train_losses": [
    181.5057546357973,
    6.504171898014738,
    3.050292822527942
  ],
  "val_losses": [
    9.595059641924966,
    4.227496801870577,
    6.806991690016807
  ],
  "train_accs": [
    0.5000123420456575,
    0.4999876579896534,
    0.5000802231555301
  ],
  "val_accs": [
    0.5013297872340425,
    0.5029920212765957,
    0.54133422006952
  ],
  "current_epoch": 3
}