{
  "train_losses": [
    181.5057546357973,
    6.504171898014738,
    3.050292822527942,
    1.9908820212028602,
    1.6427660672903344,
    1.3668727397706837,
    1.4627249872409054,
    1.3291287944780141,
    0.9958107257482565,
    0.9641296613731938
  ],
  "val_losses": [
    9.595059641924966,
    4.227496801870577,
    6.806991690016807,
    1.2392186237142442,
    1.8344200554680317,
    1.2153110613531255,
    1.9894371983852792,
    2.740704614114254,
    4.177654503785233,
    7.933669342441445
  ],
  "train_accs": [
    0.5000123420456575,
    0.4999876579896534,
    0.5000802231555301,
    0.501863645363193,
    0.5040543542654028,
    0.5072077409633527,
    0.5085591923498429,
    0.5049244668246445,
    0.5065597847669046,
    0.5147980845652486
  ],
  "val_accs": [
    0.5013297872340425,
    0.5029920212765957,
    0.54133422006952,
    0.5685394507773379,
    0.5416666668780307,
    0.5390070924099456,
    0.5147938829787234,
    0.5134086879961034,
    0.5147938829787234,
    0.5152371454429119
  ],
  "current_epoch": 10
}