{
  "train_losses": [
    181.5057546357973
  ],
  "val_losses": [
    9.595059641924966
  ],
  "train_accs": [
    0.5000123420456575
  ],
  "val_accs": [
    0.5013297872340425
  ],
  "current_epoch": 1
}