{
  "train_losses": [
    181.5057546357973,
    6.504171898014738
  ],
  "val_losses": [
    9.595059641924966,
    4.227496801870577
  ],
  "train_accs": [
    0.5000123420456575,
    0.4999876579896534
  ],
  "val_accs": [
    0.5013297872340425,
    0.5029920212765957
  ],
  "current_epoch": 2
}