{
  "train_losses": [
    6.909312526902881,
    0.24730343539356056,
    0.20343643900059977,
    0.15076237382870433
  ],
  "val_losses": [
    0.31026305070028026,
    0.21527223526797395,
    0.17709580943622488,
    0.09842246606391161
  ],
  "train_accs": [
    0.49999382901248207,
    0.5273746050788328,
    0.7008910940439215,
    0.870655608261931
  ],
  "val_accs": [
    0.5013297872340425,
    0.6377992021276596,
    0.8392619680851063,
    0.9556737592879762
  ],
  "current_epoch": 4
}