{
  "train_losses": [
    6.909312526902881,
    0.24730343539356056
  ],
  "val_losses": [
    0.31026305070028026,
    0.21527223526797395
  ],
  "train_accs": [
    0.49999382901248207,
    0.5273746050788328
  ],
  "val_accs": [
    0.5013297872340425,
    0.6377992021276596
  ],
  "current_epoch": 2
}