{
  "train_losses": [
    20.839454789826938
  ],
  "val_losses": [
    0.7163382258329992
  ],
  "train_accs": [
    0.49999382901248207
  ],
  "val_accs": [
    0.5013297872340425
  ],
  "current_epoch": 1
}