{
  "train_losses": [
    20.839454789826938,
    0.3994564561446979,
    0.2423700282429632,
    0.21705456891966657,
    0.19223972146898086,
    0.1500689063874466,
    0.10132524109405788,
    0.06688774329438028,
    0.04729930068679613,
    0.03567376424739429
  ],
  "val_losses": [
    0.7163382258329992,
    0.2601523854314013,
    0.2192534067212267,
    0.19538113094390708,
    0.15689271625052106,
    0.1005802000773714,
    0.056953259426704116,
    0.03315499414531316,
    0.02399429573028527,
    0.017277877463865034
  ],
  "train_accs": [
    0.49999382901248207,
    0.5000061710581395,
    0.5284483610030034,
    0.6529299960740934,
    0.75717688588452,
    0.8594922492571917,
    0.9484967417061612,
    0.9830420616113744,
    0.9955568720379147,
    0.9978339751184834
  ],
  "val_accs": [
    0.5013297872340425,
    0.5024933510638298,
    0.6196254434737754,
    0.7838541668780307,
    0.8790447699262741,
    0.9749556741815932,
    0.9946254434737754,
    0.999501329787234,
    1.0,
    1.0
  ],
  "current_epoch": 10
}