{
  "train_losses": [
    46.295788803936745
  ],
  "val_losses": [
    1.8737138877523707
  ],
  "train_accs": [
    0.5000246840913148
  ],
  "val_accs": [
    0.5013297872340425
  ],
  "current_epoch": 1
}