{
  "train_losses": [
    46.295788803936745,
    1.0456425816315045,
    0.44153362482574315,
    0.29155239293360596,
    0.24813804556549443,
    0.23164667531636088
  ],
  "val_losses": [
    1.8737138877523707,
    0.6124748847456779,
    0.336548357270658,
    0.26146478396146855,
    0.2370416114621974,
    0.22382815895562477
  ],
  "train_accs": [
    0.5000246840913148,
    0.5000123420456575,
    0.49998148696682465,
    0.500975019770776,
    0.5247148992890995,
    0.595990077014218
  ],
  "val_accs": [
    0.5013297872340425,
    0.5013297872340425,
    0.5013297872340425,
    0.5068151595744681,
    0.5524711881546264,
    0.6445589541120732
  ],
  "current_epoch": 6
}