{
  "train_losses": [
    6.909312526902881
  ],
  "val_losses": [
    0.31026305070028026
  ],
  "train_accs": [
    0.49999382901248207
  ],
  "val_accs": [
    0.5013297872340425
  ],
  "current_epoch": 1
}