{
  "train_losses": [
    6.909312526902881,
    0.24730343539356056,
    0.20343643900059977,
    0.15076237382870433,
    0.09111973482197354
  ],
  "val_losses": [
    0.31026305070028026,
    0.21527223526797395,
    0.17709580943622488,
    0.09842246606391161,
    0.05716976646254671
  ],
  "train_accs": [
    0.49999382901248207,
    0.5273746050788328,
    0.7008910940439215,
    0.870655608261931,
    0.9484967417061612
  ],
  "val_accs": [
    0.5013297872340425,
    0.6377992021276596,
    0.8392619680851063,
    0.9556737592879762,
    0.9841533690056903
  ],
  "current_epoch": 5
}