{
  "train_losses": [
    8.866453359936369,
    0.2572988977752873,
    0.21814889847455432,
    0.18358963867428743,
    0.1320976380929704,
    0.08524391705708764,
    0.05423520831170523,
    0.03789111152644406,
    0.028825801552242437
  ],
  "val_losses": [
    0.2934172610415423,
    0.21774589904445282,
    0.18835314553468785,
    0.1399075793538322,
    0.08489058087480829,
    0.05450180548421563,
    0.024956077353365008,
    0.01716463777584648,
    0.012598864432607599
  ],
  "train_accs": [
    0.5000802231555301,
    0.5386058452287557,
    0.6569288112399703,
    0.7563252863584536,
    0.8746729364609831,
    0.9607832247470792,
    0.9889477191943128,
    0.996149289099526,
    0.9978710011848341
  ],
  "val_accs": [
    0.5061502659574468,
    0.6595744680851063,
    0.7945478723404256,
    0.8677969860269669,
    0.9565048763092528,
    0.983876329787234,
    0.9990026595744681,
    0.9991688829787234,
    0.9991688829787234
  ],
  "current_epoch": 9
}