{
  "train_losses": [
    8.866453359936369
  ],
  "val_losses": [
    0.2934172610415423
  ],
  "train_accs": [
    0.5000802231555301
  ],
  "val_accs": [
    0.5061502659574468
  ],
  "current_epoch": 1
}