{
  "train_losses": [
    8.866453359936369,
    0.2572988977752873,
    0.21814889847455432,
    0.18358963867428743,
    0.1320976380929704
  ],
  "val_losses": [
    0.2934172610415423,
    0.21774589904445282,
    0.18835314553468785,
    0.1399075793538322,
    0.08489058087480829
  ],
  "train_accs": [
    0.5000802231555301,
    0.5386058452287557,
    0.6569288112399703,
    0.7563252863584536,
    0.8746729364609831
  ],
  "val_accs": [
    0.5061502659574468,
    0.6595744680851063,
    0.7945478723404256,
    0.8677969860269669,
    0.9565048763092528
  ],
  "current_epoch": 5
}